,grid_index,area,annual_mean_temp,prec_warmest_quarter,temp_seasonality,prec_seasonality,npp,binomial
1,1,7636.693241037179,25.354322864163308,65.81929655997983,92.33778036794355,107.44610792590726,628378333639.1111,Alouatta_ululata
2,2,8092.498806765045,24.839256286621094,72.05507405598958,78.5536600748698,111.70765177408855,559394436827.4286,Alouatta_ululata
3,3,2295.331295106784,27.006671612079327,70.66910024789664,87.50026292067308,91.14464393028847,817762245017.6,Alouatta_ululata
4,4,2106.931518314284,27.036927568151597,71.72854679188829,91.92763048537235,92.52451795212765,771654712033.28,Alouatta_ululata
5,5,9868.905940583194,25.201680501302082,63.486519949776785,85.5389636811756,106.28951590401786,676327032094.72,Alouatta_ululata
6,6,10000.0,25.515348108803355,59.822646722560975,71.3410704077744,114.89390005716463,555203082321.92,Alouatta_ululata
7,7,9561.320599458208,26.961760692107372,62.1718499599359,65.64558919270833,89.38233673878206,722683245363.2,Alouatta_ululata
9,9,8927.534994970358,26.5990966796875,48.974099731445314,72.33897705078125,107.94837646484375,-inf,Alouatta_ululata
10,10,10000.0,27.043393089657737,48.76324753534226,68.71012369791667,116.91334170386905,-inf,Alouatta_ululata
