,grid_index,area,annual_mean_temp,prec_warmest_quarter,temp_seasonality,prec_seasonality,npp,binomial
1,1,154.62765774366528,13.447462815504808,364.5343674879808,401.7506760817308,68.7647235576923,390277680332.8,Amblysomus_septentrionalis
2,2,2642.963078761198,15.909711837768555,295.861083984375,479.03228759765625,72.21112823486328,294584025088.0,Amblysomus_septentrionalis
4,4,22.558227546013125,14.650027320498513,361.99437313988096,385.8534226190476,75.24734933035714,444552113902.93335,Amblysomus_septentrionalis
5,5,897.35569692054,16.458660125732422,292.3558349609375,476.28692626953125,73.82351684570312,305314103296.0,Amblysomus_septentrionalis
6,6,4636.6292991029895,14.96673053243886,322.1558254076087,402.6310292119565,76.53410538383152,376097880291.55554,Amblysomus_septentrionalis
7,7,21.479804355628954,14.806877136230469,357.061572265625,368.1913818359375,76.47002563476562,416609592589.4737,Amblysomus_septentrionalis
