,grid_index,area,annual_mean_temp,prec_warmest_quarter,temp_seasonality,prec_seasonality,npp,binomial
0,0,396.0721456063272,25.188220977783203,31.797901153564453,538.1644287109375,79.63960266113281,28561077979.42857,Arabitragus_jayakari
1,1,1751.4337905271236,25.538747151692707,51.47618950737847,493.7512478298611,66.83118353949652,21193243411.692307,Arabitragus_jayakari
2,2,2763.4685508378125,26.22319878472222,24.592478434244793,611.0355902777778,86.06289333767361,21439514396.444443,Arabitragus_jayakari
3,3,6273.230502286851,24.79313005719866,45.73649379185268,559.8589215959821,70.61470685686383,24125163292.444443,Arabitragus_jayakari
4,4,5477.192030074885,25.498751126802883,51.36641282301683,508.6892277644231,66.38717886117789,-inf,Arabitragus_jayakari
6,6,3973.5034149018525,26.721696853637695,36.68150329589844,568.76953125,72.23201751708984,19224662016.0,Arabitragus_jayakari
7,7,10.21427292573871,26.895172119140625,25.890188116776315,582.7739000822369,89.13143760279605,-inf,Arabitragus_jayakari
