,grid_index,area,annual_mean_temp,prec_warmest_quarter,temp_seasonality,prec_seasonality,npp,binomial
0,0,512.01169870372,12.302406311035156,29.487186976841517,313.9605189732143,88.78535679408482,-8.8699123470607e+34,Arborimus_pomo
1,1,4059.5159991935334,11.956961822509765,38.28056030273437,388.78076171875,87.483349609375,-inf,Arborimus_pomo
