,grid_index,area,annual_mean_temp,prec_warmest_quarter,temp_seasonality,prec_seasonality,npp,binomial
1,1,6643.719143752452,10.874346923828124,59.40657958984375,571.027734375,75.42664184570313,540182524723.2,Arborimus_longicaudus
2,2,1230.6487025289393,11.170576396741366,85.32112201891448,423.0052939967105,72.73961117393092,-inf,Arborimus_longicaudus
4,4,8562.182279626404,10.541247776576451,120.20342145647321,415.21425083705356,69.71688842773438,-1.699999976072182e+37,Arborimus_longicaudus
5,5,7457.735194196349,10.610400225665119,105.82415936444256,516.5451330236486,66.79554872255068,519670071296.0,Arborimus_longicaudus
