,grid_index,area,annual_mean_temp,prec_warmest_quarter,temp_seasonality,prec_seasonality,npp,binomial
2,2,135.72131044807873,21.97212791442871,435.0556640625,265.525634765625,60.061378479003906,-8.499999880360911e+37,Avahi_meridionalis
3,3,123.32583207803951,22.56816864013672,478.180908203125,259.75567626953125,52.81796646118164,-inf,Avahi_meridionalis
4,4,223.05434038224868,20.976774215698242,519.8087158203125,264.4306640625,68.32211303710938,698212614144.0,Avahi_meridionalis
5,5,285.6572673319926,22.037439982096355,547.805908203125,259.6669514973958,58.27190144856771,-inf,Avahi_meridionalis
