,grid_index,area,annual_mean_temp,prec_warmest_quarter,temp_seasonality,prec_seasonality,npp,binomial
2,2,6754.229404080256,15.036735534667969,84.82930755615234,425.29815673828125,25.239999771118164,112019521536.0,Bunolagus_monticularis
3,3,4782.402325517322,15.086725234985352,87.73655700683594,429.52557373046875,25.501171112060547,153806716928.0,Bunolagus_monticularis
4,4,479.6689313607965,16.812458918644833,34.65416071965144,500.61850210336536,43.12138484074519,92195170986.66667,Bunolagus_monticularis
5,5,49.66236814696964,13.786589122953869,58.5841064453125,511.9632161458333,29.428318568638392,81900254003.2,Bunolagus_monticularis
6,6,1314.4235815519214,15.622956848144531,73.52792358398438,483.611962890625,40.63970947265625,71033855369.84616,Bunolagus_monticularis
7,7,3146.3742590024394,15.740379333496094,84.11888122558594,474.608642578125,43.58201599121094,91302212403.2,Bunolagus_monticularis
8,8,2826.789227281241,15.32220458984375,57.51169002757353,551.2774011948529,38.69189094094669,63213214833.77778,Bunolagus_monticularis
9,9,410.8065892474842,14.830685424804688,78.52853393554688,542.6236328125,51.537139892578125,72761330892.8,Bunolagus_monticularis
10,10,5235.148229324015,14.854168701171876,95.33260498046874,536.350341796875,52.773199462890624,88305840947.2,Bunolagus_monticularis
