,grid_index,area,annual_mean_temp,prec_warmest_quarter,temp_seasonality,prec_seasonality,npp,binomial
1,1,4311.741091231057,21.538184856546337,449.5907529633621,205.50099339978448,70.60829741379311,785960560230.4,Callithrix_flaviceps
