,grid_index,area,annual_mean_temp,prec_warmest_quarter,temp_seasonality,prec_seasonality,npp,binomial
2,2,3874.5052754591848,16.116641482791387,13.674711485166807,600.3485008445946,89.42888249577703,-1.6190475962592211e+37,Dipodomys_agilis
3,3,7242.717543646677,14.171439034598214,12.497200012207031,475.572265625,92.88783482142857,341718518988.8,Dipodomys_agilis
4,4,9121.708869419284,14.018109408291904,13.49003878506747,631.2880859375,85.42200816761364,315440671402.6667,Dipodomys_agilis
5,5,1989.5151157098526,13.678142200816762,19.195607965642754,702.5854048295455,79.92537064985795,219766150485.33334,Dipodomys_agilis
