,grid_index,area,annual_mean_temp,prec_warmest_quarter,temp_seasonality,prec_seasonality,npp,binomial
1,1,1509.4652238118176,18.24657287597656,112.4088623046875,790.68154296875,60.06296997070312,78023767525.05263,Geomys_knoxjonesi
2,2,8616.227460971728,17.821787516276043,129.52369520399304,783.8084852430555,54.61193169487847,88399309770.10527,Geomys_knoxjonesi
3,3,7728.923034981203,17.197157915900736,140.75145048253677,796.8654641544117,68.29841883042279,89341850055.11111,Geomys_knoxjonesi
5,5,8189.944373734436,17.199297223772323,150.79690290178573,807.2526227678571,54.392490931919646,104060105523.2,Geomys_knoxjonesi
