,grid_index,area,annual_mean_temp,prec_warmest_quarter,temp_seasonality,prec_seasonality,npp,binomial
1,1,340.361773122213,23.496767044067383,698.9129028320312,275.34405517578125,83.14108276367188,673118748672.0,Hipposideros_scutinares
2,2,6969.073532193756,24.609853108723957,952.4877604166667,266.04490559895834,110.70152180989584,593643647795.2,Hipposideros_scutinares
3,3,2524.784230222653,23.5574424050071,850.7166193181819,294.18603515625,92.82757013494319,678046084747.6364,Hipposideros_scutinares
4,4,8734.039112010343,23.755345961626837,556.5645680147059,323.4560546875,82.38300637637867,633484327867.7333,Hipposideros_scutinares
