,grid_index,area,annual_mean_temp,prec_warmest_quarter,temp_seasonality,prec_seasonality,npp,binomial
2,2,6188.072076530054,15.77299167798913,342.52443529211956,461.94140625,30.35686194378397,665548870004.3636,Macropus_parma
3,3,115.08265442335853,17.255780388327207,373.2432215073529,400.06281594669116,36.28110279756434,-inf,Macropus_parma
4,4,3966.0549996041573,14.255232493082682,350.6131591796875,470.304931640625,29.0684076944987,767287990681.6,Macropus_parma
5,5,6382.3040063574,15.813480631510417,463.45843098958335,414.3568359375,43.349161783854164,779929163414.5883,Macropus_parma
6,6,833.5007673358574,15.576687767392112,492.1768043154762,413.5683128720238,47.432044619605655,831289128029.091,Macropus_parma
7,7,8033.766115163788,16.300052808678668,444.2218919836956,415.7130180027174,47.84525199558424,868433304969.8462,Macropus_parma
8,8,3392.7518362182936,16.895734514508927,421.05137416294644,418.552978515625,46.11150687081473,855735468032.0,Macropus_parma
