,grid_index,area,annual_mean_temp,prec_warmest_quarter,temp_seasonality,prec_seasonality,npp,binomial
1,1,8180.707722646066,25.5828914642334,456.92132568359375,53.906917572021484,65.07109069824219,961307982779.7333,Mico_rondoni
2,2,7447.311904826051,25.062477111816406,331.41107177734375,49.84412384033203,68.83779907226562,936864499484.4445,Mico_rondoni
3,3,7077.537900530245,26.13317138671875,434.064921875,54.8298291015625,60.9456884765625,969844195328.0,Mico_rondoni
5,5,4738.86806692485,25.21552022298177,477.2598470052083,47.45221964518229,68.31833394368489,968070179498.6666,Mico_rondoni
6,6,9851.360584050342,25.719472784745065,496.99521998355266,46.38609554893092,64.10273180509868,974431352359.3846,Mico_rondoni
7,7,10000.0,25.43032691592262,513.8665364583334,44.379603794642854,65.39789109002976,980052412795.2593,Mico_rondoni
