,grid_index,area,annual_mean_temp,prec_warmest_quarter,temp_seasonality,prec_seasonality,npp,binomial
1,1,1000.1121422970051,10.025647481282553,41.143222384982636,811.3634982638889,27.150563557942707,64455774793.14286,Microdipodops_pallidus
2,2,2854.6693931886734,10.23567635672433,48.15109398251488,850.2850632440476,24.351527622767858,57229231340.30769,Microdipodops_pallidus
3,3,4494.777433734077,9.656841647240423,41.35448824974798,785.8043724798387,23.190705330141128,80557424640.0,Microdipodops_pallidus
4,4,5202.026922410687,10.512437002999443,42.22605678013393,835.7425362723214,18.843717302594865,53035560374.85714,Microdipodops_pallidus
5,5,5086.522112695608,9.298186408148872,50.364952935112846,833.5283745659722,21.231914944118923,70596253013.33333,Microdipodops_pallidus
6,6,2334.0287048378345,11.11128096147017,32.414143880208336,836.1521661931819,22.286667332504734,74304244940.8,Microdipodops_pallidus
