,grid_index,area,annual_mean_temp,prec_warmest_quarter,temp_seasonality,prec_seasonality,npp,binomial
1,1,5754.9182105647815,27.885172526041668,357.328369140625,54.07689412434896,63.73333740234375,718196441088.0,Pattonomys_semivillosus
2,2,86.49286930998724,28.022296142578124,334.826220703125,49.35215759277344,62.62325439453125,806165648437.8948,Pattonomys_semivillosus
3,3,9366.764448877033,27.699766159057617,257.7270812988281,49.01591110229492,63.99263000488281,-1.7894736590233497e+37,Pattonomys_semivillosus
5,5,6247.919557700535,27.7869815826416,277.6483154296875,43.255252838134766,71.15261840820312,-2.428571394388832e+37,Pattonomys_semivillosus
6,6,10000.0,23.4947998046875,336.7407958984375,53.8456787109375,70.28693237304688,452793309593.6,Pattonomys_semivillosus
