,grid_index,area,annual_mean_temp,prec_warmest_quarter,temp_seasonality,prec_seasonality,npp,binomial
2,2,632.7270371227391,17.836416244506836,38.85811996459961,500.4880065917969,35.396549224853516,101159419904.0,Petrogale_xanthopus
3,3,359.08776698196203,18.93268500434028,61.32953559027778,580.7153862847222,19.696170383029514,125165251242.66667,Petrogale_xanthopus
4,4,0.0005590931513403438,17.717600504557293,80.91173502604167,594.1485026041667,16.241756184895834,119979034396.44444,Petrogale_xanthopus
5,5,978.5332516504183,17.861164093017578,59.98042297363281,580.932861328125,14.80196762084961,62295321258.666664,Petrogale_xanthopus
6,6,2614.5390239631547,17.996112691945044,78.93293709590517,615.1759159482758,19.6671247811153,75958690962.28572,Petrogale_xanthopus
7,7,593.5054996627662,19.48475036621094,75.3721435546875,625.294482421875,21.35606231689453,67699671040.0,Petrogale_xanthopus
8,8,5884.640641779293,18.863649368286133,70.01908111572266,626.4282836914062,32.89398193359375,50629944934.4,Petrogale_xanthopus
9,9,1430.6742870447051,19.669161987304687,61.8005859375,619.029248046875,37.76510009765625,51204666163.2,Petrogale_xanthopus
