,grid_index,area,annual_mean_temp,prec_warmest_quarter,temp_seasonality,prec_seasonality,npp,binomial
2,2,4053.362039097803,15.855966502222522,74.13659247036638,365.04330549568965,33.17792379445043,-inf,Phascogale_calura
3,3,4233.243830000503,16.26761973987926,47.39567982066762,482.64914772727275,58.65637761896307,317547886053.0526,Phascogale_calura
4,4,5748.2326661325005,16.439092726934526,48.326895577566965,476.5356677827381,46.525992257254465,226715850069.33334,Phascogale_calura
5,5,9472.335745683402,16.26632520887587,54.027503119574654,462.0271267361111,39.77131822374132,228689313792.0,Phascogale_calura
