,grid_index,area,annual_mean_temp,prec_warmest_quarter,temp_seasonality,prec_seasonality,npp,binomial
1,1,7491.706718550171,25.860873951631433,418.7322208180147,74.65208524816177,36.745842428768384,-inf,Pteropus_ocularis
2,2,1860.7635958581564,25.11673251065341,424.90309836647725,76.81297718394886,43.2653642134233,-inf,Pteropus_ocularis
3,3,3302.4092326519126,24.518817138671874,469.10712890625,68.99931640625,52.898040771484375,-inf,Pteropus_ocularis
