,grid_index,area,annual_mean_temp,prec_warmest_quarter,temp_seasonality,prec_seasonality,npp,binomial
1,1,4756.1495690722995,7.139325922185725,418.11616654829544,556.9670188210227,64.61066783558239,490380940629.3333,Rhinopithecus_bieti
2,2,1585.791601089738,8.545092069185698,378.33544921875,544.2812875600962,62.5565185546875,529455463187.6923,Rhinopithecus_bieti
3,3,4295.858573398592,3.0827119615342884,370.183349609375,590.3650716145834,73.07851155598958,315919576715.63635,Rhinopithecus_bieti
4,4,8170.357505397539,4.865542093912761,342.1993815104167,586.42578125,69.77644856770833,398252660053.3333,Rhinopithecus_bieti
5,5,740.893376393579,1.9524776574337122,338.8630741003788,611.618193655303,82.59431226325758,306406810510.2222,Rhinopithecus_bieti
