,grid_index,area,annual_mean_temp,prec_warmest_quarter,temp_seasonality,prec_seasonality,npp,binomial
2,2,9078.299371272482,27.23500714983259,381.87733677455356,218.42719377790178,110.16011265345982,345465276188.44446,Sminthopsis_bindi
3,3,9353.268728159064,27.260496303013394,377.53482142857143,225.54055524553573,108.84720284598214,326135866982.4,Sminthopsis_bindi
