,grid_index,area,annual_mean_temp,prec_warmest_quarter,temp_seasonality,prec_seasonality,npp,binomial
1,1,2078.833904655196,13.869659423828125,27.24429413766572,799.0255089962121,55.48409386837121,72601806245.64706,Sorex_tenellus
2,2,7935.6836989375315,17.410170335036057,26.42371857471955,843.5335536858975,45.60338416466346,47159836672.0,Sorex_tenellus
3,3,9567.510699377102,6.236672973632812,47.7200439453125,711.5244419642858,57.446864536830354,119444215905.5238,Sorex_tenellus
4,4,7638.98194259624,11.494941525342988,36.06470322027439,815.4549352134146,31.87011123285061,62115883690.666664,Sorex_tenellus
5,5,9818.223838288191,11.908317347935268,42.809193638392856,834.7540178571429,29.25845424107143,59134469734.4,Sorex_tenellus
6,6,7956.340743300418,8.363962510052849,44.37893856272978,759.5044232536765,31.790631462545957,91475921434.94737,Sorex_tenellus
